avg_order_per_day,avg_value_per_day,day_of_week_graph,mean_order_cost,num_users,number_of_warehouses,week_of_month_graph
1356.081081081081,67191.96293767562,"[61048.94250258141, 58534.923292258005, 60997.11656935501, 55766.96242258138, 55438.96524645247, 53984.15233548481, 55213.23258193624]",162.65195676055404,861,1,"[382275.2765857125, 392328.40280284703, 413413.55050711887, 422765.0090857014, 165005.35294285775]"
