avg_order_per_day,avg_value_per_day,day_of_week_graph,mean_order_cost,num_users,number_of_warehouses,week_of_month_graph,max_distance_from_warehouse,warehouse_lat,warehouse_long,predicted_value,pod1_lat,pod1_long,pod2_lat,pod2_long,pod3_lat,pod3_long,predicted_distance
1356.081081081081,67191.96293767562,"[61048.94250258141, 58534.923292258005, 60997.11656935501, 55766.96242258138, 55438.96524645247, 53984.15233548481, 55213.23258193624]",162.65195676055404,861,1,"[382275.2765857125, 392328.40280284703, 413413.55050711887, 422765.0090857014, 165005.35294285775]",26.75808771882075,18.676853,73.897229,106980.555,18.485727604082573,73.80228928075137,18.681885500949004,73.72511502953519,18.670743395079146,73.82804791063809,14.837760628649955
